,Nombre,Nacimiento,Conocido por,Premios,Peliculas
0,Aldo Ray,25 de septiembre de 1926,"('No somos ángeles', 'La impetuosa', 'Nimh: El mundo secreto de la señora Brisby', 'El robo al banco de Inglaterra')","{'premios ganados': ['1979 Ganador AFAA Award'], 'nominaciones': ['1953 Nominado Golden Globe']}","('Hasta la muerte', 'Shooters', 'Crime of Crimes', 'Young Rebels', 'Terror Night', 'Night Shadow', 'Sangre roja', 'Drug Runner', ""Pop's Oasis"")"
1,William Marshall,19 de agosto de 1924,"('Drácula negro', 'Maverick', 'Grita Blácula grita (Drácula negro 2)', 'Demetrius y los gladiadores')",,"('Vampires: Thirst for the Truth', 'Dinosaur Valley Girls', 'Satánica, todo el mal en ella', 'Maverick', 'Running the Halls', ""Pee-wee's Playhouse"", ""Christmas at Pee-wee's Playhouse"", 'Instinto asesino', 'Los auténticos Cazafantasmas')"
2,Terry Michos,26 de diciembre de 1953,"('Los amos de la noche', 'El gran desafío en helicóptero', 'Zoo Crew Two', 'Simon & Simon')",,"('Meego', 'Hellbender', 'Roseanne', 'Amnesia', 'Animania', 'Mis dos padres', 'Monsters', 'Robotech II: The Sentinels', 'Mathnet')"
3,Russell Johnson,10 de noviembre de 1924,"('La isla de Gílligan', 'Regreso a la Tierra', 'Vinieron del espacio', 'El ataque de los cangrejos gigantes')","{'premios ganados': ['2007 Nominado TV Land Award', '2004 Ganador Pop Culture Award'], 'nominaciones': []}","('Posesión alucinante', 'Snoops', 'Tal para cual', 'The Fall Guy', 'El golpe II', 'Desmadre en las aulas', 'El gran desafío en helicóptero', 'Clayton Drumm', 'Baretta')"
4,Paul Tanashian,13 de marzo de 1960,"('Crazy Rich Asians', 'Déjame salir', 'Nosotros', 'Whiplash')",,"('Juego con la muerte', 'Operación Dragón', 'El furor del dragón', 'Furia oriental', 'Longstreet', 'Karate a muerte en Bangkok', 'Marlowe, detective muy privado', 'Here Come the Brides', 'Blondie')"
5,Terri Taylor,,"('Tal para cual', 'Lepke', 'Posesión alucinante', 'El gran desafío en helicóptero')","{'premios ganados': ['2019 Ganador Artios Award', '2018 Nominado Artios Award', '2015 Nominado Artios Award', '2013 Nominado Artios Award'], 'nominaciones': ['2020 Nominado Black Reel', '2018 Nominado Black Reel']}","('Retroceder nunca, rendirse jamás', 'Mojeong', 'Jackie y Bruce al rescate', 'Ireon yeoja eobtnayo', 'Agassi chameuseyo', 'Insa yasu', 'El último combate', 'Policía internacional', 'Juego con la muerte')"
6,Richard C. Adams,2 de septiembre de 1935,"('Deadwood: La película', 'Training Day', 'Invicto', 'Fear the Walking Dead')",,"('Dolanon Iljimae', 'Boss', 'Amheugga-ui hwangje', 'Soldados callejeros', 'Bestial force', 'Xi Ya Tu da tu sha', 'Cazadores del futuro', 'Hua xin ye mei gui', 'Secuestro en Bangkok')"
7,Maria Caso,,"('Antwone Fisher', 'Priest', 'Ojos asesinos', 'El gran desafío en helicóptero')","{'premios ganados': ['2007 Nominado Primetime Emmy', '2005 Ganador Primetime Emmy', '2004 Nominado Primetime Emmy'], 'nominaciones': ['2020 Nominado Excellence in Production Design Award', '2007 Nominado Excellence in Production Design Award', '2006 Nominado Excellence in Production Design Award']}","('Tin sai ji shing', '97 Ga yau hei si', 'Ma ma fan fan', 'Tou tou ai ni', 'Mr. X', 'Daai lo baai sau', 'Nu ren si shi', 'Fa kei Siu Lam', 'Ma lu tian shi')"
8,Kim Johnson,,"('Furia oriental', 'El furor del dragón', 'Operación Dragón', 'Karate a muerte en Bangkok')",,"(""The Exorcist's Meter"", 'Lou biu, lei hou hea!', 'Tin yu dei', 'Gung Ju Ga Do', 'Ku ling ching taam B', 'Gong fu chu shen', 'Yee ching bik luen', 'Dai sei hei', 'Ku ling ching taam')"
9,Bruce Lee,27 de noviembre de 1940,"('Juego con la muerte', 'Retroceder nunca, rendirse jamás', 'El último combate', 'Agassi chameuseyo')","{'premios ganados': ['1972 Ganador Special Jury Award'], 'nominaciones': ['1967 Nominado Gold Medal']}","('Mission: Killfast', 'Chao Zhou xiao han', 'El último combate', 'Gui ying shen gong', 'Chu zha hu', 'El puño ciego de Bruce Lee', 'Cheonha jeilgwon', 'Bruce Lee: Robo de diamantes', 'Zan xian sheng yu zhao qian Hua')"
10,Tae-jeong Kim,5 de junio de 1957,"('La Armadura Invencible', 'El mono borracho en el ojo del tigre', 'La serpiente a la sombra del águila', 'El último combate')",,"('Made in Chinatown', 'Ip Man 4: El final', ""'P' fung bou"", 'The Dark Soul', 'Ou Zhou gong lue', 'Xue zhan Tong Luo Wan 3', 'Vampire Cleanup Department', 'Golden Arms Returns', 'Ying ging hing dai')"
11,Jeong-lee Hwang,21 de diciembre de 1944,"('El último combate', 'La serpiente a la sombra del águila', 'Secuestro en Bangkok', 'The Art of High Impact Kicking')",,"('Ren gui hu xin chuan', '5 Venoms Versus Wu Tang', 'Ninja USA', 'Long fa wei', 'Bei hai shuang xian xi to long', 'Gui fu shen', 'Jiu zi tian mo', 'Shang Hai tan: Shi san tai bao', 'Feng ling zhong di dao xing')"
12,Roy Horan,12 de octubre de 2021,"('Contacto sangriento', 'Indiana Jones y el templo maldito', 'Juego con la muerte', 'Nu ren si shi')",,"('Yan gui zai ni zuo you', 'Shen tong', 'Pi li bao zuo', 'Tian shi shu shu', 'Xin shi er sheng xiao', '5 Venoms Versus Wu Tang', 'Geung see fan sang', 'Bei hai shuang xian xi to long', 'Jiu zi tian mo')"
13,Roy Chiao,16 de marzo de 1927,"('El último caballero', 'La Armadura Invencible', 'Los piratas del mar de China', 'Las 36 cámaras de Shaolin')","{'premios ganados': ['1996 Ganador Golden Bauhinia'], 'nominaciones': ['1995 Nominado Golden Horse Award']}","('You er yuan', 'Mo wan do chuen', 'Ni tian er xing', 'Tin si sei san', 'Pi qie la shi', 'Mai lei ging gai: Lan gwai fong', 'Jue mi dang an: Mi shi shi jie', 'Bu han er li', 'Hei an shi dai: Wu zheng ji nv')"
14,Hoi-Sang Lee,,"('Puño mortal', 'Mission: Killfast', 'Zan xian sheng yu zhao qian Hua', 'Chu zha hu')",,"('Duet ming ga yan', 'Hermanos de fuego', 'Tian guan ci fu', 'Discípulos de la Cámara 36', 'Zhi zhuan yi jian', 'Wang zi cheng chong', 'Wo ai shen xian zhe', 'Xin fei hu wai chuan', 'Pi li lei dian')"
15,Tiger Yang,,"('Ip Man 3 (Dragon Master)', 'Ip Man 2', 'Hard-Boiled (Hervidero)', 'The Grandmaster')",,"('Juego con la muerte', 'Operación Dragón', 'El furor del dragón', 'Furia oriental', 'Longstreet', 'Karate a muerte en Bangkok', 'Marlowe, detective muy privado', 'Here Come the Brides', 'Blondie')"
16,Li-Jen Hou,,"('Wu du', 'Cha shou', 'Tie qi men', 'Can que')",,"('Fallen Angel', 'Jerks', 'Un affare trasversale', 'Propuesta criminal', 'Paid to Kill', 'Nudist Colony of the Dead', 'Peligrosamente iguales', 'The Channeler', 'Empire of the Dark')"
17,Miranda Austin,,"('Yunnan chong gu zhi Xian wang chuan shuo', 'Ye ban shu tou', 'Yat lo heung sai', 'Wo de VR nv you')",,"('Shiver', 'Boom', 'Hunter', 'Falcon Crest', 'Dallas', 'Jake y el Gordo', 'En el calor de la jungla', 'Riptide', 'Mike Hammer')"
18,Meng Lo,4 de agosto de 1952,"('Cha shou', 'Wu du', 'Lei tai', 'Xi shen bao chou')",,"('800 balas', 'Cuéntame cómo pasó', 'Pasos de baile', 'Periodistas', 'A las once en casa', 'Manos a la obra', 'Hermanas', 'Kety no para', 'Colegio mayor')"
19,Sheng Chiang,4 de abril de 1951,"('Lo foo chut gang', 'Chao suo xing jing', 'Zhang wu shuang', 'Zhan long zai ye')",,"('Yang Jingyu', 'Ba gua zhong shi', 'Ngo oi Heung Gong: Hoi sum man seoi', '72 ga cho hak', 'Invisible Target', 'Gaam yuk fung wan: Lui to faan', 'Xiong meng jing hun', 'CID Lung fu dau', 'Sha chu ge she tuan')"
20,Li Wang,6 de agosto de 1989,"('Tie qi men', 'Guangdong shi hu xing yi wu xi', 'Shao Lin yu Wu Dang', 'Fei hu wai zhuan')",,"('Plus fort que tout', 'La clef des champs', 'El pianista', ""Serge Reggiani: L'homme fossile"", 'Héroïnes', 'Le petit garçon', 'Rosenemil', ""De force avec d'autres"", 'Zani')"
21,Feng Lu,5 de mayo de 1953,"('Shi yao', 'Los piratas del mar de China', 'Las 36 cámaras de Shaolin', 'Hei xi yi')",,"('Real Fight', 'Alte Bande', 'Einmal Sohn, immer Sohn', 'Pygmalion', 'Winnetou: La última batalla', 'Winnetou - The Legend Lives', 'Schubert in Love: Vater werden ist (nicht) schwer', 'Der Liebling des Himmels', 'Altersglühen - Die Serie')"
22,Kei-San Chan,,"('Furia oriental', 'El furor del dragón', 'Operación Dragón', 'Karate a muerte en Bangkok')",,"('Unser Charly', 'Blutrausch', 'Vier wie wir', 'Küstenwache', 'Klinik unter Palmen', 'The Wolves', 'Jede Menge Leben', 'Royal Destiny', 'The Viking Sagas')"
23,Shu Gei Chan,,"('Ninja Dragon', 'Three Men on Fire', 'Los espías de Beirut', 'Los gigantes de Roma')",,"('ACI: Alta Capacidad Intelectual', ""L'école de la vie"", 'Tous Inconnus', 'César Wagner', 'Chroma', 'Je te promets', 'Mon Ange', 'Laval, le collaborateur', 'Comme un coup de tonnerre')"
24,Chi-Shan Chen,,"('Conan, el bárbaro', 'Otelo (Comando negro)', 'La muerte ronda a Mónica', 'La loca historia de los tres mosqueteros')",,"('La momie à mi-mots', ""Gueules d'amour"", 'Black Dju', ""L'avocate"", 'Pigeon volé', 'Pandora', ""L'enfant en héritage"", 'Testigo de excepción', 'Elisa, de Jean Becker')"
25,Han-Kuang Chen,,"('001, operación Caribe', 'Goliat contra los gigantes', 'Kommissar X - Drei goldene Schlangen', 'Comisario X y los tres perros verdes')",,"('La Leyenda de los Chaneques', 'Back 4 Blood', 'Hay alguien ahí', 'El Pantera', 'Cuéntame cómo pasó', 'Hospital Central', 'Los simuladores', 'El Cuerpo del Deseo', 'Al filo de la ley')"
26,Chok-Chow Cheung,,"('Adam', 'Historias de San Francisco', 'Fantasmas', 'Up Here')",,"('', '', '', '', '', '', '', '', '')"
27,Bruce Le,27 de noviembre de 1940,"('Kill! (Matar)', 'Siete pistolas para Timothy', 'Duelo del Dragón y el Tigre', 'El corsario')","{'premios ganados': ['1972 Ganador Special Jury Award'], 'nominaciones': ['1967 Nominado Gold Medal']}","('Gossip Girl: Acapulco', 'Como dice el dicho', 'La rosa de Guadalupe', '¡Qué rica la risa!', 'Las pasiones de sor Juana', 'Placer visual', 'La vida es loca (Ritmo privado)', 'Luna de miel automática', 'Parejas disparejas')"
28,Richard Harrison,26 de mayo de 1935,"('Na Zha', 'Gik do yau wak', 'Empire of the Spiritual Ninja', 'Proyecto Ninjas del Infierno')",,"('La secta del sargón', 'Tony Tijuana', 'Carlos el terrorista', 'Novios y amantes', 'El último pistolero', 'Suave patria', 'Ven a cantar conmigo', 'La mano de Dios', 'Alma de mi alma')"
29,Nadiuska,19 de enero de 1952,"(""L'empreinte des géants"", 'Prostituta de día, señorita de noche', 'Moi, Fleur bleue', 'Corrupción en Grenoble')",,"('Profundo carmesí', 'En el paraíso no existe el dolor', 'Mujer del puerto', 'Mentiras piadosas', 'Mariana, Mariana', 'Auf Achse', 'Los amores criminales de las vampiras morales', 'El imperio de la fortuna', 'La dama solitaria')"
30,Brad Harris,16 de julio de 1933,"('El gatopardo', 'París, bajos fondos', 'Los miserables', 'El confidente')",,"('Zui hou yi kou qi', 'Jungle Heat', 'Horror Holiday', 'Yi xian liang xing da jin ji', 'Fists to Kill', 'Xue zhan da er dan', 'Xiao dao hui', 'Last Knife Party', 'El emperador del kung fu')"
31,May Hong,,"('El tambor de hojalata', 'Der große Bellheim', 'Der Schattenmann', 'Milán, calibre 9')",,"('Chasing the Dragon', 'OCTB', 'Xiong di: Yi zi dang tou', 'Chao ji bao biao', 'Da cha fan', 'Jat jik', 'Da lui toi', 'Mit moon', 'Yat gor ho ba ba')"
32,Tito García,17 de agosto de 1931,"('El último metro', 'Zoo', 'El fantasma de la ópera', 'Astérix y Obélix contra César')",,"('Wang Chung: Praying to a New God', 'Wang Chung: Hypnotize Me', ""Wang Chung: Let's Go!"", 'Wang Chung: Everybody Have Fun Tonight', 'Wang Chung: To Live and Die in L.A.', 'Wang Chung: Fire in the Twilight', 'Wang Chung: Dance Hall Days, Version 2', ""Wang Chung: Don't Be My Enemy"", ""Wang Chung: Don't Let Go"")"
33,Tao Chiang,17 de junio de 1942,"('Mi erótico Sigfrido', 'La mano de hierro', 'Babeck', 'Miguel Strogoff')",,"('Anti Racing Action', 'Hu bao lian meng', 'Si ping qing nian: Hao Ge da zhan gu huo zai', ""The Diamond's Dream"", 'Yut mun Hinneisi', 'Hong he', 'Faa faa ying ging', 'Duo shuai', 'Chung on chi ma Gun')"
34,Sharon Shira,,"('La mujer que llora', 'Hasta el último infierno', ""L'empreinte des géants"", 'Instinct de femme')",,"('Liu jai ging yim', 'Lin tou jie', 'You ling wang zi', 'Mas fuerte Kung-Fu kids', 'Kung Fu Kids', 'Huang di bao zhong', 'Hu tu nu si ji', 'Yin ji', 'Huang tian hou tu')"
35,Zoé Chauveau,28 de marzo de 1959,"('La escafandra y la mariposa', 'Mis días felices', 'Post coïtum animal triste', 'La lectora')",,"('La espada del samurái', 'Muertes de invierno', 'Detective privado', 'El hobbit', 'The Last Dinosaur', 'Seis balas... una venganza... una oración', 'El último pistolero', 'La venganza de los cheyennes', 'From Sea to Shining Sea')"
36,Serge Reggiani,2 de mayo de 1922,"('El membrillo', 'Chacal', 'Ajuste de cuentas', 'Testigo de excepción')",,"('Fukai kawa', 'La foto del compromiso', 'La sombra del lobo', 'Shogun Mayeda', 'Sutoroberi rodo', 'Ten to chi to: Reimei-hen', 'CF gâru', 'Haru kuru oni', 'La muerte de un maestro de té')"
37,Mario Adorf,8 de septiembre de 1930,"('Al azar de Baltasar', 'La chinoise', 'George qui?', 'El retorno de África')","{'premios ganados': ['1994 Ganador Adolf Grimme Award in Gold'], 'nominaciones': ['2016 Ganador Honorary Bambi']}","('Sweetwater', 'Til Death Do Us Part', 'The Crusades', 'East New York', 'Desert Dick', ""Life's Better Protected"", 'Clowning', 'Outcry', 'The Cleaner')"
38,Andréa Ferréol,6 de enero de 1947,"('El privilegio de amar', 'Chanoc', 'Toña machetes', 'El Pantera')","{'premios ganados': ['1981 Nominado César', '1976 Nominado César'], 'nominaciones': ['1997 Nominado David']}","('Prisioneros en el planeta Tierra', 'Hunter', 'Glitter', 'Vacaciones en el mar', 'Hotel', 'Urge matar', 'El triunfador', 'Dallas', 'Quincy')"
39,Raimund Harmstorf,7 de octubre de 1939,"('Rina', 'Las momias de San Ángel', 'Jugandose la vida', 'La venganza de Maria')",,"('Local Commercial', 'NYC 22', 'Ley y orden', 'Mujeres de Manhattan', 'Our Town', 'Ley y orden: Acción criminal', 'Michael Hayes', 'El abogado', 'Todos mis hijos')"
40,Dominique Laffin,3 de junio de 1952,"('Alarido del terror', 'Fray Justicia', 'Un brillante propósito', 'Keiko en peligro')","{'premios ganados': ['1980 Nominado César'], 'nominaciones': []}","('Mangetsu: Mr. Moonlight', 'La espada del samurái', 'La pandilla de picarones va al Japón', 'Fuyu no hana', 'Tarao Bannai', 'Ore no sora', 'Hokuriku dairi sensô', 'Zatôichi monogatari', 'Genkai-nada')"
41,Patrick Chesnais,18 de marzo de 1946,"('Deliciosa sinvergüenza', 'Las tres tumbas', 'Terror en los barrios', 'Mágica juventud')","{'premios ganados': ['2014 Nominado César', '2006 Nominado César', '1989 Ganador César'], 'nominaciones': ['2006 Nominado European Film Award']}","('Shakespeare in Tokyo', 'Shashin kôshien 0.5 byô no natsu', 'Take a Chance', 'Biohazard the Stage', 'Eipuriru fûruzu', 'So-On: The Five Oyaji', 'Owakon TV', 'Kabukichô High School', 'Ninja Theory')"
42,Philippe Léotard,28 de agosto de 1940,"('La secta del sargón', 'El último pistolero', 'La noche del jueves', 'Carlos el terrorista')","{'premios ganados': ['1983 Ganador César', '1978 Nominado César'], 'nominaciones': []}","('Así me lo conto el abuelo', 'Entre perico y perico', 'Mi oficio es ser asaltante', 'Las dos hectareas', 'El comerciante', 'Policía de narcóticos 2', 'Mis animales y yo', 'Horas amargas', 'La danza del venado')"
43,Anne Wiazemsky,14 de mayo de 1947,"('Alto riesgo', 'Auf Achse', 'Ciclón', 'Profundo carmesí')",,"('El enviado de la muerte', 'El último triunfo', 'La casa al final de la calle', 'Cacería implacable', 'Pasaporte a la muerte', 'El padre Gallo', 'Las aventuras de Oliver Twist', 'Policía judicial federal', 'La gloria y el infierno')"
44,Andrés García,24 de mayo de 1941,"('La boda de mi mejor amigo', 'Los adioses', 'Pozoamargo', 'Martha')","{'premios ganados': ['1974 Nominado Silver Ariel'], 'nominaciones': ['1986 Ganador Silver Goddess']}","('Mi amor sin tiempo', 'Vivir de Amor', 'El gallo de oro', 'Mi Secreto', 'Esta historia me suena', 'La Doña', 'Mi marido tiene familia', 'Tres veces Ana', 'Revolución - Las Batallas de Celaya')"
45,Alicia Encinas,24 de abril de 1954,"('Carlos el terrorista', 'Cosa fácil', 'Valentín Lazaña', 'A paso de cojo')",,"('El maleficio', 'Tierra de esperanza', 'Chavorrucos', 'Pasión de gavilanes', 'Diseñando tu amor', 'Falsa Identidad', 'Asalto Equivocado', 'Jesús de Nazareth', 'Señora Acero')"
46,René Cardona III,1 de abril de 1962,"('Adiós a mi concubina', 'Ci ke', 'Un toque de zen', 'Gun gun hong chen')",,"('Yo maté a Lucca', 'Nomas Las Mujeres Quedan', 'La Venganza de Maria', 'Simón Blanco un gallito de traba', 'Misa de cuerpo presente', 'La Raza de acero 3 Hambre sed y muerte en el desierto', 'Catarino y los Rurales', 'El ocaso del cazador', 'Laura Garza La maestra de la Escuela')"
47,Pablo Ferrel,,"('La mano de la muerte', 'Respirando fuego', 'Zhu Jiang da feng bao', 'Zui hou yi kou qi')",,"('Bendita mentira', 'El rafaga', 'Mi pistola y tus esposas', 'Taquito de ojo', 'Senda de gloria', 'Testigo de un crimen', 'Cinco nacos asaltan Las Vegas', 'Ratas de la ciudad', 'Policía de narcóticos')"
48,Gloria Chávez,,"('Sha ren ai qing jie', 'The Lonely Killer', 'Shou kou', 'Po jie')",,"('Nan dou guan san dou bei shao ye', 'El luchador Invisible', 'Hua xin da shao', 'Heroic Family', 'Voodoo Charm', 'Xiao zi you zhong', 'Yu mao san xi jin mao shu', 'Gui hua fu', 'Shen diao xia lü')"
49,Ángel Dupeyrón,13 de agosto de 2014,"('Vivir y morir en Los Ángeles', 'El chip prodigioso', 'Deadpool', 'Buscando un amigo para el fin del mundo')",,"('Lonely Eighteen', 'Trim Line', 'El viaje heroico de Ne Zha', 'Da yu', 'Avenge Me', 'Yat ga dai sai', 'The Kid from the Big Apple: Before We Forget', 'Wo lai zi Niu Yue', 'Luo pao ba ai qing')"
50,Fernando Palavicini,,"('Cenicienta', 'Orgullo + Prejuicio + Zombis', 'Mamma Mia! Una y otra vez', 'Baby Driver')",,"('5 Venoms Versus Wu Tang', 'El cazador ninja', 'Pi li qing', 'Jiu zi tian mo', 'Shang Hai tan: Shi san tai bao', 'Xi shen bao chou', 'Shen tong shu yu xiao ba wang', 'Xia ke hang', 'Ren zhe wu di')"
51,Gerardo Castell,16 de septiembre de 1977,"('El asesino', 'Gung buk', 'Bat sin fan dim: Yan yuk cha siu bau', 'City on Fire')","{'premios ganados': ['2024 Nominado Silver Goddess'], 'nominaciones': ['2017 Ganador Audience Award']}","('Duk mong', 'Xiang Gang tu fu', 'Kong woo liu duen', 'Yi chu jing hun', 'Shen tong shu yu xiao ba wang', 'Xia ke hang', 'Xiao zi you zhong', 'Bo jin', 'Che yun joi che')"
52,Martha de Castro,18 de septiembre de 1942,"('De profesion - Invencible', 'Yang Nu Hu', 'Ru xia', 'Long hu hui feng yun')",,"('Tin yu dei', 'Fei nui ching cheun', 'Chu kwong bo hei', 'Hak sai lik', 'The Price of Greed', 'Jeuk sing 3 gi ji mor sam bak fan', 'Wui ton tin ha', 'CIB ying si ching bo for', 'For mo wong saa')"
53,Feng Hsu,17 de agosto de 1950,"('El pistolero de San Francisco', 'El último pistolero', 'El teatro de Richard Boone', 'Un hombre')","{'premios ganados': ['1994 Ganador BAFTA Film Award'], 'nominaciones': ['2017 Ganador Lifetime Achievement Award']}","('Ye ying tu ji', 'Xiang jiao tian tang', 'Ni Xiao Sa Wo Piao Liang', 'Ci bei de zi wei', 'Mo deng nu xing', 'El desafío de Lady Ninja', 'Huan tie xiong di', 'El dinamismo del superdragón', 'Shang Hai Tan da ye')"
54,Yun Ling,,"('Yojimbo', 'Los siete samuráis', 'El infierno del odio', 'Trono de sangre')",,"('Qian huo mei gui', 'Du ming shuang xiong', 'Zuan shi nu', 'Zo shou bo ji wang', 'Sha ru di yu', 'Doble impacto', 'Du wang san hu jiang', 'Xiong di you zhong', 'Ninja Terminator')"
55,Tao-Liang Tan,1947,"('Ed Wood', 'Dos tontos muy tontos', 'Solos con nuestro tío', 'Muerte entre las flores')",,"('Wu hu si hai', 'Yi yu', 'Shi bu liang li', 'Feng yu cao chang', 'Zhong Guo zui hou yi ge tai jian', 'Qi zheng piao piao', 'Tian long di hu', 'Xiong di you zhong', 'Tangshan guo Taiwan')"
56,Michael Wai-Man Chan,10 de julio de 1946,"('Vacaciones en el mar', 'Dallas', 'El triunfador', 'The Seekers')","{'premios ganados': ['1983 Nominado Hong Kong Film Award'], 'nominaciones': []}","('Lulu', 'Belleza y poder', 'Decker', 'A Lousy 10 Grand', 'Skeleton', 'Nailed', 'Movie Stars', 'Puerta con puerta', 'La cesta')"
57,Chung Wang,,"('La hora de las pistolas', 'Ana de las Tejas Verdes: la continuación', 'Baa Baa Black Sheep', 'Coronet Blue')","{'premios ganados': ['1984 Nominado VMA'], 'nominaciones': []}","('Caccia alle mosche', 'La piovra', 'Fuera de temporada', ""Golem, l'esprit de l'exil"", 'Riflessi in un cielo scuro', 'Grito de piedra', 'La condena', 'Una vita in gioco', ""Peter Brook's the Mahabharata"")"
58,Lily Li,5 de abril de 1989,"('Brigada 49', 'Una pandilla de pillos', 'Dos colgaos muy fumaos en Navidad', 'Los juegos del hambre')","{'premios ganados': ['2023 Nominado Critics Choice Award'], 'nominaciones': ['2022 Nominado Primetime Emmy']}","('La marcha verde', 'Antivicio', 'Héroes de cartón', 'Un dólar por los muertos', 'Don Juan', '¡Aquí hay negocio!', 'Gefährliche Spiele', 'Habitación 503', 'El rescate del talismán')"
59,Danny Lee,6 de agosto de 1952,"('Onmitsu kenshi', 'Mekurano Oichi monogatari: Makkana nagaradori', 'Sanjûrokunin no jôkyaku', 'Gekitotsu! Satsujin ken')","{'premios ganados': ['1984 Ganador Golden Horse Award'], 'nominaciones': ['1988 Nominado Hong Kong Film Award']}","('Los burdeles de Paprika', 'A Season of Giants', 'Años de pesadilla', 'Retrato humano', 'Simbad, el rey de los mares', 'Big Man', 'Appuntamento a Liverpool', 'Comando suicida', 'La noche del tiburón')"
60,Mien Fang,1 de mayo de 1916,"('Kill Bill: Volumen 1', 'A todo gas: Tokyo Race', 'Kill Bill: Volumen 2', 'Kang samurai')",,"('', '', '', '', '', '', '', '', '')"
61,Hsin-Chun Huang,,"('Violación', 'Rojo amanecer', 'Perro callejero', 'Yo el ejecutor')",,"('Acapulco H.E.A.T. (Serie de TV)', 'Conan, el aventurero', 'El hombre de Medellin', 'Calor tropical', 'Poli con suerte', 'Barbarian Queen II: The Empress Strikes Back', 'Una cita con el destino', 'Erik el mercenario', 'Stalker III y los guerreros del infierno')"
62,Richard Boone,18 de junio de 1917,"('Santa Sangre', 'El imperio de la fortuna', 'Alma de hierro', 'Pedro Páramo')","{'premios ganados': ['1964 Nominado Primetime Emmy', '1960 Nominado Primetime Emmy', '1959 Nominado Primetime Emmy', '1955 Nominado Primetime Emmy', '1955 Nominado Primetime Emmy'], 'nominaciones': ['1964 Nominado Golden Globe']}","('Caza humana', 'De naco a millonario', 'Sacristán del diablo', 'AR-15: Comando implacable', 'El solitario indomable', 'La aventura más milagrosa jamás contada', 'La revancha', 'El narco', 'Jugandose la vida')"
63,Toshirô Mifune,1 de abril de 1920,"('Tiempo de lobos', 'Agarren al de los huevos', 'Rosa de dos aromas', 'La perra de la frontera')","{'premios ganados': ['1956 Nominado BAFTA Film Award'], 'nominaciones': ['1981 Nominado Primetime Emmy']}","('Biggles (El viajero del tiempo)', 'Sherlock Holmes y la máscara de la muerte', 'Top Secret!', 'El caballero verde', 'Helen Keller: El milagro continúa', 'Tales of the Unexpected', 'La casa de las sombras del pasado', 'Asalto al casino', 'Misterio en la isla de los monstruos')"
64,Mike Starr,29 de julio de 1950,"('Pedro Páramo', 'Cadena perpetua', 'La casa al final de la calle', 'El gallo de oro')","{'premios ganados': ['2022 Ganador Award of Excellence'], 'nominaciones': ['2015 Ganador Lifetime Achievement Award']}","('Siempre en la mira', 'La Tajada', 'Un Retrato de Familia', 'Historias de una prostituta 4', 'Despedida de soltera', 'Un sentimiento honesto en el calabozo del olvido', 'Las sirvientas calientes', 'Las amantes del narco', 'El complot mongol')"
65,Timothy Patrick Murphy,3 de noviembre de 1959,"('Amigas y rivales', 'Soy tu dueña', 'Mujeres engañadas', 'El ángel exterminador')","{'premios ganados': ['1984 Ganador Young Artist Award'], 'nominaciones': []}","('Flag', 'Otelo (Comando negro)', 'Asalto al casino', 'Vaya luna de miel', 'Chicano', 'Fuerza mortal', 'Dinero maldito', 'Cabo de vara', 'Super Bwana')"
66,Frank Converse,22 de mayo de 1938,"('Lazos de amor', 'Serán hombres', '¡Yo sabía demasiado!', 'El tesoro de Atahualpa')","{'premios ganados': ['1968 Nominado Gold Medal'], 'nominaciones': []}","('Barmy Dale', 'Mighty 6', 'Bruised Sky', 'Doctor Who: The Early Adventures', 'Holby City', 'Claude', 'After Hours', 'Casualty', 'Man Down')"
67,William Ross,1948,"('Soy tu dueña', 'Morir a mi manera', 'Clave privada', 'El maleficio')","{'premios ganados': ['2009 Nominado Annie'], 'nominaciones': ['2005 Ganador BMI Film Music Award']}","('Los resucitados', 'El señor Manolo', 'Crematorio', 'Cuéntame cómo pasó', 'U.C.O. (Unidad Central Operativa)', 'La que se avecina', 'Yo soy Bea', 'Cuenta atrás', 'Estudio 1')"
68,Bin Amatsu,16 de febrero de 1921,"('El mexicano', 'El escuadrón de la muerte', 'Gavilán o paloma', 'Muerte en el Río Grande')",,"('Tercera planta, inspección fiscal', 'Dyningar', 'Sangre azul', 'Brigada central', 'Miguel Servet (La sangre y la ceniza)', 'Matar al Nani', 'Lorca, muerte de un poeta', 'Al acecho', 'Turno de oficio')"
69,Shin'ichi Chiba,22 de enero de 1939,"('El valiente vive... hasta que el cobarde quiere', 'Chicoasén', '¡Persiguelas y... alcanzalas!', 'El hombre sin miedo')","{'premios ganados': ['2004 Nominado Saturn Award'], 'nominaciones': ['2005 Ganador Maverick Award']}","('Narradores', 'Sabbath', 'Policía', 'Los presuntos', 'Página de sucesos', 'Pánico en el distrito 18', 'La huella del crimen', 'La vaquilla', 'Al este del oeste')"
70,Iwae Arai,,"('Jue dai shuang jiao', 'Na Zha', 'Shao Lin si', 'Fang Shi Yu yu Hu Hui Qian')",,"('Welcome Wedding', 'Political War', 'Rabba (Punjabi Divine Song)', 'Fire of Love: RED', 'Target India', 'Anth the End', 'Haryana Fresh', 'Token the Treasure', 'Saurashtra')"
71,Valentín Trujillo,28 de marzo de 1951,"('Di Di ri ji', 'Yee dam hung seon', 'Duo shuai', 'She diao ying xiong zhuan')","{'premios ganados': ['1989 Nominado Silver Ariel', '1989 Nominado Silver Ariel', '1989 Nominado Silver Ariel', '1980 Nominado Silver Ariel'], 'nominaciones': ['1981 Ganador Premio ACE']}","('Truckbhar Swapna', 'Aitraaz', 'Dev', 'Chalte Chalte', 'Baaz: A Bird in Danger', 'Indian', 'Love Ke Liye Kuch Bhi Karega', 'Chal Mere Bhai', 'Suraag: The Clue')"
72,Blanca Guerra,10 de enero de 1953,"('Un mañana mejor', 'La leyenda del luchador borracho', 'El camino del guerrero', 'Ci Ma')","{'premios ganados': ['1999 Ganador Silver Ariel', '1996 Nominado Silver Ariel', '1995 Nominado Silver Ariel', '1994 Ganador Silver Ariel', '1988 Ganador Silver Ariel'], 'nominaciones': ['1991 Nominado Saturn Award']}","('Bioscope', 'Sukanya Tu Aahes Tar Mi Aahe Aamhi Aahot', 'Sukanya', 'Yedyanchi Jatra', 'Ichar Tharla Pakka', 'Topi Ghala re', 'Bedhund', 'Baap Re Baap Dokyala Taap', 'Mumbai Meri Jaan')"
73,Patricia Rivera,25 de julio de 1956,"('Ren zhe wu di', 'Hao xiao zi di xia yi zhao', 'Qi bu mi zong', 'Qian nu yun yu qing')","{'premios ganados': ['1990 Nominado Silver Ariel', '1983 Ganador Silver Ariel'], 'nominaciones': []}","('On Golden Years', 'Ley y orden: Unidad de Víctimas Especiales', 'Girls', 'Promesas de hielo', ""God's Land"", 'El plato del día', 'Bored to death', 'The Office', 'Cupid')"
74,Narciso Busquets,8 de septiembre de 1929,"('Ci Ma', 'Yi tian tu long ji', 'Mei shan shou qi guai', 'El luchador de Shantung')","{'premios ganados': ['1979 Nominado Silver Ariel'], 'nominaciones': []}","('Raja Ko Rani Se Pyar Ho Gaya', 'Hum Saath-Saath Hain', 'Rasmon Ki Zanjeer', 'Kabhi Paas Kabhi Fail', 'Badmaash', 'Virasat', 'Aurat Aurat Aurat', 'Yash', 'Chauraha')"
75,Eric del Castillo,22 de julio de 1934,"('Qi sha', 'Xie ying wu', 'Xiang Gang qi an 5: Jian mo', 'Mu wu wang fa')","{'premios ganados': ['1981 Nominado Silver Ariel', '1980 Nominado Silver Ariel', '1972 Nominado Silver Ariel'], 'nominaciones': ['2011 Ganador Special Silver Goddess']}","('Lakshya', 'Gabbar Is Back', 'Aandhali Koshimbir', 'Premsutra', 'Bharatiya', 'Mala Ek Chanas Hava', 'Aajoba Vayat Aale', 'Kalubai Bhakt Satyacha Dhavjee Patil', 'Knock Out')"
76,Ana Luisa Peluffo,9 de octubre de 1929,"('Da zui xia', 'Wo ban cai yun fei', 'Hua luo shui liu hong', 'La shou xiao xi')","{'premios ganados': ['1997 Ganador Eduardo Arozamena Medal'], 'nominaciones': []}","('Kaa - The Forest', 'Vaalu', 'Vettaikaaran', 'Well Done Abba!', 'Missed Call', 'Udayon', 'Chanakya', 'Daas', 'Dukaan: Pila House')"
77,Sergio Goyri,14 de noviembre de 1958,"('Du ming zou tian ya', 'Huan xi yuan jia', 'Un tipo duro', 'El desafío de Lady Ninja')","{'premios ganados': ['1990 Nominado Silver Ariel'], 'nominaciones': ['2012 Nominado TVyNovelas']}","('Rumbo al paraíso', 'Kreuzfahrt ins Glück', 'Lerchenberg', 'Un verano en Escocia', 'SOKO München', 'Point of View', 'Das Musikhotel am Wolfgangsee', 'Zwei Herzen und ein Edelweiß', 'Im Tal des Schweigens')"
78,Rojo Grau,,"('Doble impacto', 'Shang Hai tan: Shi san tai bao', 'Fan dau mui', 'Hei bao')","{'premios ganados': ['1986 Nominado Silver Ariel', '1986 Nominado Silver Ariel'], 'nominaciones': []}","('Pride of Africa', 'Black Velvet Band', 'Traficante de muerte', 'Rhodes', 'The Making of the Mahatma', 'Dark Desires: Thelma', 'Comando águila roja', 'Calor tropical', 'Kickboxer Terminator')"
79,Sergio Barrios,7 de abril de 1933,"('Bai zhan bao shan he', 'Nu mang jian ke', 'Jian', 'Gu tong xiao')",,"('The Making of the Mahatma', 'Where Angels Tread', 'Calor tropical', 'That Englishwoman: An Account of the Life of Emily Hobhouse', 'Barrett', 'War beach', 'Zona salvaje', 'En peligro', 'En busca del tatuaje')"
80,Sheng Fu,20 de octubre de 1954,"('Kung Fu', 'A Million Little Things', 'Embrujadas', 'Happy Ever After')",,"('Shang hun', 'A-tsik', 'Ni Hau, Wo Shi Shei?', '1006 de fang ke', 'The Door', 'Youth Power', 'Life is Shit', 'Alice in Wonder City', 'Mian Jiao Nan')"
81,Niu Niu,23 de enero de 1958,"('El luchador manco', 'El luchador Manco 2 - El luchador manco contra la guillotina voladora', 'Un toque de zen', 'Long men kezhan')","{'premios ganados': ['1982 Nominado Golden Horse Award', '1978 Ganador Golden Horse Award'], 'nominaciones': ['1989 Nominado Hong Kong Film Award']}","('Golden Arms Returns', 'The eye 2', 'Yeung gwong ging chaat', 'El mañana nunca muere', 'Ye ban ge sheng', 'Shao Lin huo bao bei', 'Fa kei Siu Lam', 'Xia nu chuan qi', 'Lo mau')"
82,Lung Ti,19 de agosto de 1946,"('Superdetective en Hollywood III', 'Una mujer peligrosa', 'Hard Vice', 'Carol of the Bells')","{'premios ganados': ['1979 Ganador APFF Award', '1973 Ganador Special Award'], 'nominaciones': ['2007 Ganador Lifetime Achievement Award']}","('Zombie Chickadee', 'The Great Illusionist 2', 'Mao shan tian shi', 'The Defend Dog', 'Ma ma de shen qi xiao zi', 'Zhizun xian sheng zhi Jin chan gu', 'Yi mei xian sheng', 'Maoshan', 'Shou juan yan')"
83,Tien-Chi Cheng,17 de septiembre de 1956,"('Grito de piedra', 'La piovra', 'El juguete', 'Tres hermanos')",,"('The Pearl', 'Kaena - La profecía', 'Julio Cesar', 'La Biblia: Apocalipsis', 'Harry Potter y la cámara secreta', 'La venganza del conde de Montecristo', 'Harry Potter y la piedra filosofal', 'My Kingdom', 'Gladiator (El gladiador)')"
84,Li Ching,29 de octubre de 1945,"('Bolero', 'La mirada del otro', 'Ho sap el ministre?', 'Ellas y el sexo débil')","{'premios ganados': ['1969 Ganador Special Award'], 'nominaciones': []}","('Heroes of the Golden Mask', 'Departure: Vuelo 716', 'Con todos los honores', 'Puñales por la espalda (Knives Out)', 'Cliffs of Freedom', 'Howard Lovecraft and the Kingdom of Madness', 'Sin límites', 'Todo el dinero del mundo', 'Se armó el belén')"
85,Kin-Ping Chow,,"('Mi conejo es el mejor', 'La banda de Pérez', 'Los 7 de Pancho Villa', '¡Biba la banda!')",,"('Se ha escrito un crimen: El enigma celta', 'Never Die Twice', 'En lo más profundo', 'Expediente X', 'El laberinto rojo', 'The Game', 'Más allá del límite', 'Seducción obsesiva', 'Misión en el tiempo')"
86,Ke Chu,,"('Calígula', 'Tenebre', 'Simbad, el rey de los mares', 'Criatura diabólica')","{'premios ganados': ['2020 Nominado Female Actor in a Television Drama', '2020 Nominado Male Actor in a Television Drama'], 'nominaciones': ['2020 Ganador Jury Award']}","('The Fall', ""She's in Portland"", 'Cómo defender a un asesino', 'Lonely Boy', 'Victory Blvd', 'Herbert', 'Skyline', 'The Border', 'Eli Stone')"
87,Jin Guo,,"('Quien tiene un amigo... tiene un tesoro', 'Johnny Palillo', 'El juramento del Corsario Negro', 'Si te encuentras con Sartana... ruega por tu muerte')",,"('I Will Bury You', 'FBI', 'Clock', 'BlackBerry', 'Shttl', 'Terror Lake Drive (Serie de TV)', 'La maravillosa Sra. Maisel', 'I Am Normal', 'Billions')"
88,Ping An,,"('Mission Kill', 'Los desmadrados piratas de Barba Amarilla', 'Alto riesgo', 'Justicia salvaje')","{'premios ganados': ['2015 Ganador Animation of the Year', '2015 Ganador Best Voice Actor'], 'nominaciones': []}","('Conduct Unbecoming', 'The Drunk and on Drugs Happy Funtime Hour', 'Corrupción en el poder', 'Nadie es perfecto', 'El mundo según Barney', 'Abroad', 'Cooking with Stella', 'Hooked on Speedman', 'Obsesión por un crimen')"
89,Lung Chan,,"('Jugandose la vida', 'El narco', 'AR-15: Comando implacable', 'Caza humana')","{'premios ganados': ['1992 Ganador Golden Horse Award', '1992 Nominado Golden Horse Award', '1992 Nominado Golden Horse Award', '1992 Nominado Golden Horse Award', '1992 Nominado Golden Horse Award'], 'nominaciones': ['1993 Nominado Hong Kong Film Award', '1993 Nominado Hong Kong Film Award', '1993 Nominado Hong Kong Film Award', '1993 Nominado Hong Kong Film Award']}","(""X-Men '97"", 'Ginny y Georgia', 'Deseo de Navidad', 'Elinor Wonders Why', 'D.N. Ace', 'Elliot the Littlest Reindeer', 'Starlink: Battle for Atlas', 'Wishfart', 'Mean Dreams')"
90,Hung-Lieh Chen,7 de junio de 1943,"('La guerra de las galaxias', 'Drácula', 'La maldición de Frankenstein', 'Pánico en el Transiberiano')",,"('Non aprite quella bara', 'Los Médici: Señores de Florencia', 'El nombre de la rosa', 'Ricordi?', 'Natale a Londra - Dio salvi la Regina', 'Neverlake', 'Diaz. No limpiéis esta sangre', 'La strada di Paolo', 'Cenicienta')"
91,Kai-Chun Chen,,"('Operación Trueno', 'Fantastica', 'Le théâtre de la jeunesse', 'What Every Frenchwoman Wants')",,"('Nelle tue mani', 'Heaven, de Tom Tykwer', 'Chimera', 'Cronache del terzo millennio', 'Tutti gli uomini di Sara', 'Venere paura', 'Les ritals', 'Il ricatto', 'Zio Vania di Anton Cechov')"
92,Sing Chen,29 de septiembre de 1936,"('No se aceptan devoluciones', 'Code... Death: Frontera Sur', 'La isla encantada', 'La invasión de los zombies atómicos')",,"('La puta del rey', 'Cellini, una vida violenta', 'La casa delle anime erranti', 'Dos mujeres', 'Juegos prohibidos de una dama', 'Stradivarius', 'La última misión', 'Sei delitti per padre Brown', 'Apache Kid')"
93,Ching-Hsia Chiang,,"('Otelo (Comando negro)', 'Asalto al casino', 'Fuerza mortal', 'Super Bwana')",,"('I delitti del cuoco', ""L'uomo che cavalcava nel buio"", 'Il ritorno del Monnezza', 'Don Matteo', 'Padre Speranza', 'Noi siamo angeli', 'The Iron Girl', 'Y en Nochebuena... ¡se armó el belén!', 'El maxipolicía')"
94,Wei Chung,,"('Un hombre en casa', 'George and Mildred', 'The Catherine Tate Show', 'Last of the Summer Wine')",,"('', '', '', '', '', '', '', '', '')"
95,Han Hsieh,23 de septiembre de 1922,"('La familia, bien, gracias', 'La noche de la ira', 'Otelo (Comando negro)', 'El señor Manolo')",,"('', '', '', '', '', '', '', '', '')"
96,Chang-Sheng Ko,,"('La ley de la bahía', 'Home and Away', 'All Saints', 'The Road from Coorain')","{'premios ganados': ['2002 Nominado Golden Rooster'], 'nominaciones': ['2002 Ganador Huabiao Film Award']}","('El ladrón de niños', 'Le gorille', 'Tango Bar', 'Contaminación 7', 'Le denier du colt', 'Il vigile urbano', 'La stanza delle parole', 'La puritana', 'El espejo roto')"
97,Joey Travolta,14 de octubre de 1950,"('El secreto del Dr. Orloff', 'Curro Jiménez', 'Adiós, Texas', 'Crónica de un atraco')","{'premios ganados': ['2019 Ganador Audience Award'], 'nominaciones': []}","('Unspeakable: Beyond the Wall of Sleep', 'Night Caller', 'It Wants Blood!', 'Gone Are the Days', ""The Boy Who Wouldn't Turn Right"", 'Decker', 'Wild in Blue', 'Infiltrators', 'Deadtime Stories')"
98,Vittorio Mezzogiorno,16 de diciembre de 1941,"('El hijo del capitán Blood', 'La guerrilla', 'El más fabuloso golpe del Far-West', 'Aquel maldito día')","{'premios ganados': ['1981 Ganador Silver Ribbon', '1979 Ganador Silver Ribbon'], 'nominaciones': ['1991 Ganador Pasinetti Award', '1991 Ganador Golden Ciak']}","('Doctors', ""Hopper's Fortune"", 'El increíble viaje de Mary Bryant', 'Pizza', 'Grass Roots', 'Fat Pizza', 'Always Greener', 'The Adventures of Sam', 'The Hostages')"
99,Ana Obregón,18 de marzo de 1955,"('Ssshhhh... Koi Hai', 'Krishna', 'Rocky', 'Aurat')","{'premios ganados': ['2012 Ganador Angel Film Award'], 'nominaciones': ['1999 Ganador Yoga Award']}","('Camino al paraíso', ""The Munsters' Scary Little Christmas"", 'A Country Practice', 'Fantasmas en el ordenador', ""Rafferty's Rules"", 'En busca de la fama', 'Melba', 'Vietnam', 'La historia nunca contada')"
100,Ricardo Palacios,2 de marzo de 1940,"('Mahabharat', 'Aankhen', 'Aankhen', 'Roop Ki Rani Choron Ka Raja')",,"(""Zombies v the Men's Shed"", 'What About Sal', 'Celebrity House Cleaner', 'The Debt Collector', 'Jane', 'Axmo Deus', ""Lion's Den"", 'Limbo', 'Dusters')"
101,John Steiner,7 de enero de 1941,"('Andaz Apna Apna', 'Byomkesh Bakshi', 'Akele Hum Akele Tum', 'Khiladi')",,"('Chance in a Million', 'Noches de sol', 'C.A.T.S. Eyes', 'Parada de postas', 'Verano peligroso', 'El imperio de la muerte', 'A Country Practice', 'Sporting Chance', 'Cop Shop')"
102,Sal Borgese,5 de marzo de 1937,"('Sadak', 'Pukar', 'China Gate', 'Jhanjaar')","{'premios ganados': [""1995 Ganador Leggio d'oro""], 'nominaciones': []}","('The Otherside', 'El club de la herradura', 'Blue Heelers', 'Dalkeith', 'La maldición de las gárgolas', 'Aleta', 'Tales of the South Seas', 'Doing Time for Patsy Cline', 'Vecinos')"
103,Carlos Romano,,"('Prison Break', 'Las últimas vacaciones', 'Bollywood/Hollywood', 'Otoño en Nueva York')",,"('Zo shou bo ji wang', 'La ley de Hong Kong', 'Fen hong se xian jing', 'La fuerza del dragón', 'Long de ying zi', 'El puño ciego de Bruce Lee', 'La conexión del oro', 'Furia oriental 3', 'Da chu tou')"
104,Douglas Sandoval,,"('Saath Saath', 'Virasat', 'Peter John', 'Izzatdaar')",,"('Furia mortal', 'Long de ying zi', 'Du jiao he', 'Ji tian jian piao xiang', 'Wu xing ba quan', 'La posada del dragón verde', 'Shi da zhang men chuang Shao Lin', 'Zhang San Feng du chuang Shao Lin', 'She mo nu da nao dou shi')"
105,Claudia Bono,,"('Gabbar Is Back', 'Knock Out', 'Chal Chala Chal', 'Dhol')",,"('Thai Dragon', 'Wai See Lee: Lam huet yan', 'Shaolin Dolemite', 'Ops Belantara', 'Cazados', 'Dadda Connection', 'Dong fang lao hu', 'Air America', 'Huang jia shi jie zhi: Zhong jian ren')"
106,Peter Cushing,26 de mayo de 1913,"('Vettaikaaran', 'Kalyug', 'Bharat Ek Khoj', 'Soldier')","{'premios ganados': ['1978 Nominado Saturn Award'], 'nominaciones': ['1956 Ganador BAFTA TV Award']}","('Tong chiu gam gung huk ying', 'La ley de Hong Kong', 'Mr. Canton & Lady Rose - Gángster para un pequeño milagro', 'Qiang xia liu ren', '¡Al ataque kung-fu kids!', 'Ta shi wo ge ge', 'Lang nu', 'Zui hou yi kou qi', 'Jungle Heat')"
107,Claudine Auger,26 de abril de 1941,"('Gandhi', 'Agneepath', 'Saaransh', 'Arth')","{'premios ganados': ['1966 Nominado Golden Laurel'], 'nominaciones': []}","('Ye bao', 'Xian shen', 'Heugsamgwi', 'La vida secreta de los ninjas', 'Hiena salvaje II', 'El desafío de Lady Ninja', 'Xie qi bian', 'Huan tie xiong di', 'Long de ying zi')"
108,Hugo Stiglitz,28 de agosto de 1940,"('Fruta madura', 'Sunshine Reggae auf Ibiza', 'Mujeres de frío y fuego', 'Solo für Sudmann')","{'premios ganados': ['2023 Nominado Silver Goddess'], 'nominaciones': []}","('Zhui long', 'Bao biao', 'Zhong jian jing wu men', 'Feng liu shi ba che', 'Tao Hua Nu dou Zhou Gong', 'Yu zhong xing', 'Si ji fa cai', 'Heng chong zhi zhuang nu sha xing', 'Meng hu chuang guan')"
109,Max H. Boulois,,"('Burning Rubber', 'The Krofft Superstar Hour', 'Iltatähti', 'Behind the Music')",,"('Hei se cheng shi', 'Hei jin', 'A Lang! A Lang!', 'Huo bao ying ci', 'Pi li jing hua', 'Hong chun chun meng', 'Jing nu chu zheng', 'Pian wang zhi wang', 'Bao gao ban zhang')"
110,Brian Murphy,25 de septiembre de 1932,"('Rumbo al paraíso', 'Lerchenberg', 'Alarm in den Bergen', 'The Outsiders')","{'premios ganados': ['1979 Nominado TP de Oro'], 'nominaciones': []}","('', '', '', '', '', '', '', '', '')"
111,Tony Fuentes,1955,"('Burning Rubber', 'Top of the Pops', 'Shang-a-Lang', 'Marc')",,"('Familia de policías 3', 'Crimen en el confesionario', 'Familia de policías', 'Venganza personal', 'En el punto de mira', 'El lobo de mar', 'Virginia y Santa Claus', 'Extraño vínculo de sangre', 'Kinjite: prohibido en occidente')"
112,Dan Forrest,,"('Burning Rubber', 'Marc', 'Shang-a-Lang', 'The Krofft Superstar Hour')",,"('El súper', 'La ley de Los Ángeles', 'The Tragedy of Flight 103: The Inside Story', 'The Ray Bradbury Theater', 'Quattro piccole donne', 'El primer domingo de cada mes', 'Una cana al aire', 'Cavalli si nasce', 'Cheeeese')"
113,Hugo Blanco,22 de enero de 1937,"('Amanecer zulú', 'Desafio al ejercito USA', 'Comando águila roja', 'Mi aventura africana')",,"('Ley y orden', 'Muerte silenciosa', 'Brutal persecución', 'The Highwayman', 'Fuerza sin límite', 'Se ha escrito un crimen', 'Blacke el Mago', 'Hell Town', 'Llamados para la gloria')"
114,Fernando Sancho,7 de enero de 1916,"('Operation Hit Squad', 'War beach', 'Departamento S', 'Los vengadores')","{'premios ganados': ['1973 Ganador CEC Award'], 'nominaciones': ['1971 Ganador Prize of the National Syndicate of Spectacle']}","('Dellaventura', 'City Hall: La sombra de la corrupción', 'El caçador furtiu', 'Doble amenaza', 'Coraje para amar', 'La escritora fantasma', 'La morte è di moda', 'Más allá de los límites de la realidad', 'La casa de la muerte')"
115,Savita Bajaj,,"('Bi xue jian', 'Liang ge you qi jiang', 'Bo hai feng yun', 'Duo ming nu ba tian')",,"('Los primeros de la clase', '¿Quién es el jefe?', 'Los problemas crecen', 'La mujer sheriff', 'Inocencia rota', 'Starman', 'La ley de Los Ángeles', 'El hechicero', ""Porky's 4"")"
116,Arun Bakshi,,"('Hard-Boiled (Hervidero)', 'El mañana nunca muere', 'El pacto de los lobos', 'El secreto del talismán')",,"('Intercambio mortal', 'Babysitter', 'The Burning Dead (Vulcano Zombies)', 'Not Now John', 'Los Ángeles: Distrito criminal', 'Peach Plum Pear', 'Mentes criminales', 'Confession', 'Pray for Morning')"
117,Suresh Bhagwat,,"('Shen diao xia lü', 'Yi tian tu long ji', 'Men with No Shadows', 'Mama, wo ai nin')",,"('The Acolyte', 'The Knife', 'Hailey ¡A por todas!', 'Disney Theme Song Takeover', 'Chibiverse', 'Moon Girl y Dinosaurio Diabólico', 'Broken Karaoke', 'Cora Bora', 'Mortal Kombat Legends: ciega de nieve')"
118,Suhas Bhalekar,1930,"('Bi xue jian', 'Jue dai shuang jiao', 'Shen jing da xia', 'Xiao shi yi lang')",,"('Fahrenheit: Indigo Prophecy Remastered', 'Mars: War Logs', 'King Kong: The Official Game of the Movie', 'Fahrenheit', 'Funky Cops', 'Casablanca Driver', 'Immortal (Ad Vitam)', ""Charlie's Angels"", 'Demonlover')"
119,Ranjit Chowdhry,19 de septiembre de 1955,"('Tai-Chi Master', 'Jet Li es el mejor luchador', 'Cha shou', 'Duo bao qiao jia ren')","{'premios ganados': ['2003 Nominado Genie'], 'nominaciones': []}","('The Chief', 'Años de pesadilla', 'La vuelta al mundo en 80 días', 'La gran evasión II: La historia jamás contada', 'Vacaciones en Roma', 'Mantén vivo el sueño', 'Las dos señoras Grenville', 'La loca guerra de la Gran Bretaña', 'Terrorífica luna de miel')"
120,Dilip Dhawan,1955,"('Sin perdón', 'Gladiator (El gladiador)', 'Camelot', 'La venganza del conde de Montecristo')",,"('Zafarrancho en Cambridge', 'El secreto de la pirámide', 'The Practice', 'Mitch', 'Goodbye Mr. Chips', 'Thank You, Mrs. Clinkscales', 'Johnny Jarvis', 'The Stanley Baxter Hour', 'El reposo de los valientes')"
121,Kaluram Dhobale,,"('Beginners (Principiantes)', 'El dilema (The Insider)', 'Remember', 'Todo el dinero del mundo')",,"('Ling hao zhui sha', 'Feng shen waizhuan zhi Leizhèn Zi', 'Huánghé jù shé shìjiàn', 'Tao xue shen tan', 'Di Renjie zhi jiu ceng yao lou', 'Qing mian Xiuluo', 'Tie xian gong fu quan', 'Wushen Su Qi Er zhi Honglian chong gu', 'Straw Man Murder Case')"
122,Salim Ghouse,1952,"('¡Socorro! Llegan las vacaciones', 'Vacaciones en Las Vegas', '¡Socorro! Ya es Navidad', 'American History X')","{'premios ganados': ['2010 Nominado Jury Award'], 'nominaciones': []}","('Deer Squad', 'Xiao Q', 'Fei fen shu nü', 'Mrs K', 'An Idiot Lost in Xiangxi', 'Jin Gang Wang: Si wang jiu shu', '7 Assassins', 'Xin Ping zong xia ying', 'Revenge: A Love Story')"
123,Rohini Hattangadi,11 de abril de 1955,"('La amenaza de Andrómeda', 'Atlantic City', 'Muerte de un viajante', 'Philip Marlowe')","{'premios ganados': ['1983 Ganador BAFTA Film Award'], 'nominaciones': ['1991 Ganador Filmfare Award']}","('Zhong jian dao', 'Fei yue yin yang jie', 'Cuo ti ren', 'Zhi zhuan yi jian', 'Nam nui fong ching sik', 'Zhong gui', 'An qu', 'Tian can bian', 'Feng shen jie')"
124,Olivia Pascal,26 de mayo de 1957,"('The Game', 'El síndrome de China', 'Expediente X', 'Private School')","{'premios ganados': ['1980 Nominado Jupiter Award'], 'nominaciones': ['1980 Nominado Bravo Otto Germany']}","('Si hai', 'Mak lo yan', 'Gam man da song si', 'Goo waat zai: Gong woo sun dit jui', 'Xuan hong', 'El joven Bruce Lee', 'Fei cui ming zhu', 'Xiong di', 'Sheng zhe wei wang')"
125,Alan Longmuir,20 de junio de 1948,"('Skyline', 'Bulworth', 'Contact', 'Sister Act 2: De vuelta al convento')",,"('Huo mo gao gen xie', 'Sword Master', 'Kong cheng ji', 'Da lui toi', 'Xiang Shuai chuan qi: Tian yi shen you', 'Xiang Shuai chuan qi: Tao hua chuan qi', 'Lei ting han fei', 'Fengliu caizi qiao jiaren', 'Provocative Monkey')"
126,Sascha Hehn,11 de octubre de 1954,"('Sin perdón', 'Amor a quemarropa', 'La balada de Buster Scruggs', 'Hunters')","{'premios ganados': ['2014 Nominado Adolf Grimme Award'], 'nominaciones': ['2014 Nominado Romy']}","('Lapu-Lapu', 'Kung mawawala ka', 'Sa puso ko, iingatan ka', 'Ano bang meron ka?', ""Bakit 'di totohanin"", 'Lo recordaras', 'Hipag', 'Bakit kailangan ng ibon ang pakpak', 'The Secret of Katrina Salazar')"
127,Stuart 'Woody' Wood,25 de febrero de 1957,"('Mi primo Vinny', 'Bailando con lobos', 'Juegos de guerra', 'Un ratoncito duro de roer')",,"('Masdan mo ang mga bata', ""Ang mamatay ng dahil sa 'yo"", 'Tong-its', 'Die xue rou qing', 'Matira ang matibay', 'Costales', 'Iligpit si Bobby Ortega: Markang bungo 2', 'Demolisyon: Dayuhan sa sariling bayan', 'Oplan: Mindanao')"
128,Derek Longmuir,19 de marzo de 1951,"('X-Men', 'X-Men', 'Maniac Mansion', 'Las aventuras de Sinbad')",,"('', '', '', '', '', '', '', '', '')"
129,Duncan Faure,,"('Aquarius', 'Begin Again', 'Jubilee', 'She')",,"('Water Wars', 'Ang bagong dugo', 'Boy Golden: Shoot to Kill', 'Badil', ""Kung ako'y iiwan mo"", 'Toda Max', 'Enteng ng Ina mo', 'Pak! Pak! My Dr. Kwak!', 'Dalaw')"
130,Len Sparrowhawk,,"('Emanuelle negra', 'Violencia en una cárcel de mujeres', 'Emanuelle alrededor del mundo', 'Bronx, lucha final')",,"('Genius Teens', 'Karne the Taste of Meat', 'The Immortal Hunters', 'Chicken Zombies', 'Way of the Cross', 'Comandante General', 'Mystified', 'The Lease', 'Historiographika errata')"
131,Peter J. Elliott,14 de junio de 1930,"('Edipo, el hijo de la fortuna', 'Zio Vania di Anton Cechov', 'Heaven, de Tom Tykwer', 'Calígula 3, la historia jamás contada')",,"('X & Y', 'After All', 'Pepito Manaloto: Tuloy ang kuwento', 'Pieta', 'Nagalit ang patay sa haba ng lamay: Da resbak', 'Walang matigas na pulis sa matinik na misis', 'La gran apuesta', 'Lolong', 'Huwag kang lalabas')"
132,Yolanda Kloppers,,"('Lady Halcón', 'Waterloo', 'El último gladiador', 'Ator 2. El invencible')",,"('She Shen Ji', ""Kill 'em All"", 'El hombre de los puños de hierro', 'Blood Money', 'Hua pi 2', 'Dai jui bou', 'La espada del dragón', 'Quan qiu re lian', 'Links to Temptation')"
133,Tien-Hsiang Lung,,"('Demons', 'Cuchillos en la oscuridad', 'Arrayán', 'La piovra')",,"('Jiang Ye 2', 'Jiang ye', 'Saving General Yang', 'Rong gui', 'Chiu bao dai chong', 'Chor hong gil hung', 'Liu jai san ji', 'Sai gei chi chin', 'Sun seung hoi taan')"
134,Phillip Chung-Fung Kwok,21 de octubre de 1951,"('Calígula 3, la historia jamás contada', 'Speed Cross', 'El gran infierno verde (Green Inferno)', ""L'avvoltoio sa attendere"")","{'premios ganados': ['2000 Nominado Golden Horse Award'], 'nominaciones': ['2003 Nominado Hong Kong Film Award']}","('Tae', 'Shao Lin yu Wu Dang', 'Noigwon', 'Solimsa yongpali', 'Hwaya', 'Jackie y Bruce al rescate', 'Inchon', 'Jie dao sha ren', 'Daehyeongchuldo')"
135,Gigi Suk Yee Wong,,"('Astérix y Obélix: Misión Cleopatra', 'Il bello delle donne', 'Vicino al fiume', 'Maria si')",,"('Kong woo liu duen', 'Discípulos de la Cámara 36', 'Di zi ye feng kuang', 'Ai nu xin zhuan', 'Ngoh wai nei kong', 'Hung kuen dai see', 'Nan dou guan san dou bei shao ye', 'Bu yi shen xiang', 'Liang shang jun zi')"
136,Hsueh-Erh Wen,1 de marzo de 1960,"('Robot jox', 'El devorador del océano', 'Leviathan: El demonio del abismo', ""Le journal érotique d'une Thaïlandaise"")",,"('Lil Wild Special', 'Like a Dragon: Infinite Wealth', 'Kaettekita Pikachuu', 'Horimiya -piece-', 'Master Detective Archives: Rain Code', 'Diablo IV', 'Midautumn', 'Horizon Forbidden West: Burning Shores', 'Kuma Kuma Kuma Bear')"
137,Siu-Ho Chin,26 de enero de 1963,"('Bronx, lucha final', 'El vuelo del Fénix', 'Le sette spade del vendicatore', 'La isla misteriosa')","{'premios ganados': ['2005 Ganador Jury Prize'], 'nominaciones': []}","('Khi tshe sì tsap káu thinn', 'Songs and the City', 'Lion Dance', 'Estranged Father', 'Lian ai da ying jia', 'Miao tan shen wei', 'Lai qu shao lin', 'Hei se cheng shi', 'Ling Huan Shao Nu')"
138,Richard Harris,1 de octubre de 1930,"('Profesión: El especialista', 'Lifeforce: Fuerza vital', 'Ed Gein', 'Barb Wire')","{'premios ganados': ['1991 Nominado Oscar', '1964 Nominado Oscar'], 'nominaciones': ['1971 Nominado Golden Berlin Bear']}","('Tin yu dei', 'Fei nui ching cheun', 'Chu kwong bo hei', 'Hak sai lik', 'The Price of Greed', 'Jeuk sing 3 gi ji mor sam bak fan', 'Wui ton tin ha', 'CIB ying si ching bo for', 'For mo wong saa')"
139,Christopher Plummer,13 de diciembre de 1929,"('Romeo y Julieta', 'Navidades negras', 'Muerte en el Nilo', 'It')","{'premios ganados': ['2018 Nominado Oscar', '2012 Ganador Oscar', '2010 Nominado Oscar'], 'nominaciones': ['1998 Nominado Annie']}","('Inner Senses', 'Yan fei yan mie', 'Lian zhan Chong Cheng', 'Siu chan chan', 'Cheung wong', 'Lau sing yue', 'Sing yuet tung wa', 'Amores rojos', 'On na ma dak lin na')"
140,Beverly D'Angelo,15 de noviembre de 1951,"('Médicos de cabecera', 'El amargo silencio', 'Ride a Wild Pony', 'Comando de la muerte')","{'premios ganados': ['1984 Nominado Primetime Emmy'], 'nominaciones': ['1981 Nominado Golden Globe']}","('Qi di zu', 'Summer of Fire: Dragon & Tiger', 'Dao bei cang shen', 'Duk gai', 'Na nin ha tin nei hoi liu na lei', 'Tyut pei ba ba', 'An Idiot Lost in Xiangxi', 'Shi fu', 'The Great Lion Kun Seng Keng')"
141,Kate Reid,4 de noviembre de 1930,"('Hotel Bombay', 'Otro mundo', 'Más allá de la reencarnación', 'El imperio de la muerte')","{'premios ganados': ['1987 Nominado ACE'], 'nominaciones': ['1963 Nominado Primetime Emmy']}","('Tian guan ci fu', 'Oi san yat ho', 'Choh dim yuen yeung', 'Zou huo pao', 'Jin yi wei', 'Sam sap chue nam', 'Bu yi shen xiang', 'Zhong gui', 'Yang guo yu xiao long nu')"
142,Peter Donat,20 de enero de 1928,"('El año que vivimos peligrosamente', 'Eliza Fraser', 'Camino al paraíso', 'El imperio de la muerte')","{'premios ganados': ['1985 Nominado Genie'], 'nominaciones': []}","('Du wen', '1/3 qing ren', 'Xin zi bao miao tan', 'Tou shen gu zu', 'Sei dou yau waak', 'Wu ya jiang shi', 'E jiang', 'Lai xin sha zhan', 'Jin yi wei')"
143,Robin Gammell,22 de septiembre de 1936,"('Prisoner', 'El imperio de la muerte', 'Cop Shop', 'Crawl')","{'premios ganados': ['1995 Nominado Gemini', '1993 Nominado Gemini'], 'nominaciones': ['1980 Nominado Genie']}","('Tong tian pai dang', 'Liang xiao hua nong yue', 'Bi gui zhuo', 'Tian guan ci fu', 'Jian dong xiao xiong', 'Kong woo liu duen', 'Discípulos de la Cámara 36', 'Gui ma fei ren', 'Yi tuo qiu sheng')"
144,Saul Rubinek,2 de julio de 1948,"('Mad Max - Salvajes de autopista', 'Un vaquero sin rumbo', 'Bad Behaviour', 'El dragón vuela alto')","{'premios ganados': ['2001 Ganador Alan J. Pakula Award'], 'nominaciones': ['2008 Nominado Gemini']}","('Una historia china de fantasmas', 'Mo cuo gu', 'Chi gui xian', 'Feng liu zhong', 'Liang shang jun zi', 'Liu zhi qin mo', 'Hua xin da shao', 'Man tian shen fo', 'La Palma de Buda')"
145,Maury Chaykin,27 de julio de 1949,"('Spy Story', 'El imperio de la muerte', 'La banda del zoológico', 'Poldark')","{'premios ganados': ['2009 Ganador Canadian Comedy Award'], 'nominaciones': ['2006 Ganador Gemini']}","('Git suk geung see', 'Boli shaonu', 'Sei yan bong: Chin ng gau sai', 'Wei xian ren wu', 'Hubungan jenayah', 'Hung Hei Gun', 'Hei se zou lang', 'Wan Chai ji foo', 'Yuk fung')"
146,George Buza,7 de enero,"('El lago azul', 'Cocodrilo Dundee II', 'Stark', 'El hombre de Río Nevado')","{'premios ganados': ['2001 Nominado Gemini', '1992 Nominado Gemini'], 'nominaciones': []}","('Man tian shen fo', 'Sha yu shao mai', 'He fang shen sheng', 'Zhi fa zhe', 'Xian ren', 'Xun bu fang', 'Última dinastía Ching', 'Zui she xiao zi', 'Jin shou zhi')"
147,David Brandon,,"('La última aventura de Bruce Lee', 'Long de ying zi', 'Furia oriental 3', 'El desafío de Bruce Li')",,"('Duk gai', '72 ga cho hak', 'See piu fung wan', 'Gam chin dai gwok', 'Legendary Assassin', 'Duo shuai', '2 ladrones y medio', 'Divergence', 'Dou hap 2002')"
148,Laura Gemser,5 de octubre de 1950,"('Shi shen de shao nu', 'She mo nu da nao dou shi', 'Ji tian jian piao xiang', 'Long de ying zi')",,"('Liaison', ""Maman, ne me laisse pas m'endormir"", 'Les Enfants des Justes', ""Gérard Lanvin 'Mon héroïne' Feat. Marcela Cisarova"", 'Tu mejor fan', ""Gérard Lanvin 'Aussi vite que le temps' Feat. Dani (Clip Officiel)"", ""Gérard Lanvin 'On le dit sauvage, on le dit brutal' Feat. Manu Lanvin (Clip Officiel)"", 'Hazme volar', ""Gérard Lanvin 'Entre le dire et le faire' (feat. Johnny Gallagher)"")"
149,Luciano Bartoli,17 de octubre de 1946,"('Kickboxer', 'Valent & Reggie', 'Garuda 7 the Last Assignment', 'Identity Crisis')",,"('Notre-Dame des Hormones', 'Le goût des myrtilles', 'As Linhas de Torres Vedras', 'Las líneas de Wellington', 'Holy Motors', ""Vous n'avez encore rien vu"", 'Habemus Papam', 'Un envol', ""L'insurgée"")"
150,Charles Borromel,28 de enero de 1933,"('El furor del dragón', 'Furia oriental', 'Yi tan zhao yao jing', 'Hapkido')",,"('Maigret', 'Là-haut, un roi au-dessus des nuages', 'Mi padre', 'Bajo la arena', 'Taxi de nuit', 'La piovra', 'Un vampire au paradis', 'Money', 'Tango Bar')"
151,Fabiola Toledo,,"('Yu tou dai lao ben tu di', 'Shao Lin dou La Ma', 'Wu quan', 'El desafío de Lady Ninja')",,"('Les Cordier, juge et flic', 'Sa femme à moi', 'Regarde-moi quand je te quitte', 'Chacun pour toi', 'Les mercredis de la vie', 'Marie-Galante', 'Ferbac', 'Le fils du Mékong', 'Las aventuras del joven Indiana Jones')"
152,Sasha D'Arc,12 de junio de 1945,"('Gû tshia lâi khì', 'Zhang bu da de ba ba', 'I Love You So Much', 'Lian ai kong huang zheng')",,"('Prends ta bible et tire-toi', 'Nympho', 'Le vigneron et la mort', 'The World After', 'Bless Me, Father', 'Départ en Fanfare', 'Nécrologies', 'La Loi de Morphy', 'Menina')"
153,Alessandro Freyberger,,"('Long men kezhan', 'Karate, mano de acero', 'Bao biao', 'Ji shi zai hui tou')",,"('Commissaire Laviolette', 'Santuario', 'Les rides', 'Ici-bas', 'Présumé coupable', 'Nicolas Le Floch', 'La Vénitienne', 'Coup de chaleur', 'Joséphine, ange gardien')"
154,Larry Dolgin,27 de diciembre de 1931,"('Xue di zi', 'Liu A-Cai yu Huang Fei-Hong', 'Jing nu chu zheng', 'Sing gei cha low')",,"('Testigo de excepción', 'El solitario', 'Avec plaisir', 'Le débutant', 'Dressage', 'Les Bargeot', 'Tranches de vie', 'Battling le ténébreux', 'Charlots connection')"
155,Gabriele Tinti,22 de agosto de 1932,"('Juego con la muerte', 'Golpe en la pequeña China', '2013: Rescate en L.A.', 'Spartan')",,"('Peter Strohm', 'Venti dal Sud', 'Derrick', ""Auntie Lee's Meat Pies"", 'Ein Schloß am Wörthersee', 'Laser mission', 'Nato per combattere', 'Juegos de policía', 'Geheime Reichssache')"
156,Steve Railsback,16 de noviembre de 1945,"('El justiciero de la ciudad', 'Hasta que llegó su hora', 'La gran evasión', 'Los siete magníficos')","{'premios ganados': ['2000 Ganador Best Actor'], 'nominaciones': ['2001 Ganador Best Actor']}","('Crónicas urbanas', 'Canción triste de...', 'Fiebre de danza', 'Las fantasías de Cuny', 'Gritos de ansiedad', 'La avispita Ruinasa', 'USA, violación y venganza', 'Dejadme vivir', '7 cabalgan hacia la muerte')"
157,Olivia Hussey,17 de abril de 1951,"('El luchador', 'El guardaespaldas de la primera dama', 'Yo soy la justicia', 'Amor y balas')","{'premios ganados': ['2008 Nominado ALMA Award'], 'nominaciones': ['2001 Nominado Annie']}","('Cuéntame cómo pasó', 'La que se avecina', 'Los Serrano', 'El comisario', 'Aquí no hay quien viva', 'Un paso adelante', 'Javier ya no vive solo', 'Compañeros', 'Periodistas')"
158,Michael Craig,27 de enero de 1929,"('Hechizo de luna', 'El justiciero de la ciudad', 'La tienda de los horrores', 'El cielo puede esperar')","{'premios ganados': ['1961 Nominado Oscar'], 'nominaciones': ['1977 Nominado AFI Award']}","('Pasos Largos: El último bandido andaluz', 'Página de sucesos', 'La huella del crimen', 'Proceso a Mariana Pineda', 'Todo va mal', 'Gritos de ansiedad', 'Cosas de dos', 'Lecciones de tocador', 'La avispita Ruinasa')"
159,Carmen Duncan,7 de julio de 1942,"('La leyenda del indomable', 'McCloud', 'Yo soy la justicia', 'El fugitivo')","{'premios ganados': ['1980 Nominado AFI Award'], 'nominaciones': ['1992 Nominado Soap Opera Digest Award']}","('Cuéntame cómo pasó', ""Irene's Love"", 'El fin de la comedia', 'Centro médico', 'Backseat Fighter', 'El Príncipe', 'Francisco: El padre Jorge', 'Petra', 'El clavo de oro')"
160,Noel Ferrier,20 de diciembre de 1930,"('Tenebre', 'Un sombrero lleno de lluvia', 'Un rostro en la multitud', 'City Hall: La sombra de la corrupción')","{'premios ganados': ['1977 Nominado AFI Award'], 'nominaciones': []}","('USA, violación y venganza', 'Los gozos y las sombras', 'Las chicas del bingo', 'Verano azul', 'IOB Spezialauftrag', 'El día del presidente', 'El juglar y la reina', 'El terrorista', 'Un hombre llamado Flor de Otoño')"
161,Lynda Stoner,10 de septiembre de 1953,"('Yo soy la justicia', 'Yo soy espía', 'Galáctica: Estrella de combate', 'Historia policial')",,"('Shi hun', 'Xue di zi', ""Let's Go!"", 'Dragón', 'Kyokutô kuroshakai', 'Wu hu si hai', 'Huo tou fu xing', 'Qian ren zhan', 'Island of Fire (Isla de fuego)')"
162,Roger Ward,1936,"('Yo soy la justicia', 'Electric Boogaloo: la loca historia de Cannon Films', 'Trampa para turistas', 'Impacto')","{'premios ganados': ['2023 Ganador Best Actor', '2020 Ganador Best Supporting Actor', '2010 Ganador Best Supporting Actor'], 'nominaciones': []}","('Young Heroes of Chaotic Time', 'Lan Ling Wang zhi Qi xue daofeng', 'Chang sheng zhi', 'Word of Honor', 'The City of Kungfu', 'Zhen hun ge', 'Tianqi da baozha', 'Wo hu han jiang', 'Zhu xian I')"
163,Michael Petrovitch,1945,"('Centennial', 'Yo soy la justicia', 'Un paseo por las nubes', 'Policías de Nueva York')",,"('Taam Pun Juen Ga', 'Goldfinger', 'Cim hang', 'Mo Si Ke xing dong', 'Hong tan xiansheng', 'Su ming dao', 'The Wandering Earth 2', 'Detective Chinatown 3', 'Ren chao xiong yong')"
164,Gus Mercurio,10 de agosto de 1928,"('Cabeza de pelotón', 'Superstrata', 'Beyond Fear', 'Camino recto')",,"('Retro Podcast', 'Chuck and Charlie', 'Mr. Amazing', 'Extraction', 'Gastropod', 'Bob Freeman: Exterminator For Hire', 'Tuyouber', 'The Three Bilinguals', 'Mentes criminales')"
165,Bruce Li,,"('Pesadilla americana', 'El reposo de los valientes', 'The Running Gun', 'Un sexto sentido')",,"('Reverse Heaven', 'Deliverance Creek', 'Circle', 'The Legend of Simon Conjurer', 'The New Detectives: Case Studies in Forensic Science', 'The Prosecutors: In Pursuit of Justice', ""Hey, Hey, It's the Monkees"", 'A Million to Juan', 'Ave Cesar')"
166,Lung Szema,,"('The Good Place', 'Nueve perfectos extraños', 'Quiero que vuelvas', 'Top Gun: Maverick')",,"('', '', '', '', '', '', '', '', '')"
167,John Ladalski,16 de febrero de 1950,"('Frenético', 'Immortal (Ad Vitam)', 'Lien de parenté', 'Highlander: The Raven')",,"('Sugar Baby', 'Run the World', 'Roborockalypse', 'Linoleum', 'Academy', 'Maneater', 'Pump', 'Fired', 'Airport Security Squad')"
168,Ping-Ou Wei,29 de noviembre de 1929,"('La espía que me amó', 'Oppenheimer', 'La loca guerra de la Gran Bretaña', 'S.A.S. Los invencibles')",,"('Delta Force', 'Doce del patíbulo: la siguiente misión', 'Día de perros', 'Gorky Park', 'Caza salvaje', 'Uno Rojo: División de choque', 'El tren de los espías', 'Botas duras, medias de seda', 'Gritar al diablo')"
169,Kang Peng,,"('The F.B.I. Files', 'The Greatest Crimes Of All Time', 'El informe final', 'Narco Wars')",,"('Du poulet', 'B comme Bolo', 'Eugénie Grandet', 'Cache Cash', 'Germinal', 'La chambre 108', 'Roulez jeunesse!', 'Coup de jeune', 'Les carnassiers')"
170,Ting Chao,19 de abril de 1986,"('North of 60', 'El reposo de los valientes', 'Star Wars: Rogue Squadron II - Rogue Leader', 'Al filo de la muerte')","{'premios ganados': ['2023 Ganador Golden Bell Award'], 'nominaciones': []}","('Commissaire Laviolette', ""Le port de l'oubli"", 'Dommages collatéraux', 'Louis la brocante', 'La femme cachée', 'Pierre et Farid', ""Belle Grand Mère - 'La Trattoria'"", ""Reines d'un jour"", 'Les grandes bouches')"
171,Yun-Wen Chang,,"('El secreto de la pirámide', 'Hombres del mañana', 'Zafarrancho en Cambridge', 'Affairs of the Heart')",,"('Spuk unterm Riesenrad', 'Die Theorie von Allem', 'En el lugar del crimen', 'Schuld', 'Dogs of Berlin', 'Lazzaro feliz', 'Der unsichtbare Film', 'Das schaffen wir schon', 'Planetarium')"
172,Yang Chiang,1941,"('Duelo a muerte', 'Asesino a sueldo', 'Las 36 cámaras de Shaolin', 'Yi yao O.K.')",,"('Saints and Sinners', 'The Last Angry Man', 'Playhouse 90', 'Expectación', 'Estrellas del teatro', 'Imbarco a mezzanotte', 'The Chevrolet Tele-Theatre', 'The Philco Television Playhouse', 'El diablo y yo')"
173,Dan Inosanto,24 de julio de 1936,"('El furor del dragón', 'Karate a muerte en Bangkok', 'Furia oriental', 'Xiu hua da dao')",,"('Don Matteo', 'My Name Is Thomas', 'A un paso del cielo', 'Doc West: La sfida', 'Doctor West', ""L'uomo che cavalcava nel buio"", ""L'uomo che sognava con le aquile"", 'Cyberflic', 'Y en Nochebuena... ¡se armó el belén!')"
174,Charles Bronson,3 de noviembre de 1921,"('Ting yuan shen shen', 'Shi yao', 'Wu Lin sheng dou shi', 'Hong fen zhi zun')","{'premios ganados': ['1961 Nominado Primetime Emmy'], 'nominaciones': ['1972 Ganador Henrietta Award']}","('Theatre Night', 'Paraíso soñado', 'Screenplay', 'Operación Julie', 'Summer Season', 'The Beiderbecke Affair', 'Jackanory Playhouse', 'The New Statesman', 'Home Video')"
175,Jill Ireland,24 de abril de 1936,"('Ji du xi yang hong', 'Ting yuan shen shen', 'Xue Ke', 'Ya qi')","{'premios ganados': ['1967 Nominado Gold Medal'], 'nominaciones': ['1989 Ganador Star on the Walk of Fame']}","('Las aventuras del joven Indiana Jones', 'As You Like It', 'Un horizonte muy lejano', 'Screen Two', 'El especulador', 'Danny, campeón del mundo', 'Mi pie izquierdo', 'El décimo hombre', 'Amenaza invisible')"
176,Vincent Gardenia,7 de enero de 1920,"('Da tou zai', 'El fluir de las lágrimas', 'Jin zhen tou', 'Yim ji kau')","{'premios ganados': ['1988 Nominado Oscar', '1974 Nominado Oscar'], 'nominaciones': ['1988 Nominado American Comedy Award']}","('Hart to Hart: Crimes of the Hart', 'Juicio de valores', 'Autopista hacia el cielo', 'La ley de Los Ángeles', 'The English Programme', 'Cagney y Lacey', 'Más allá de la ley', 'El equipo A', 'Simon & Simon')"
177,J.D. Cannon,24 de abril de 1922,"('Luk ding gei', 'Kung Fu Jungle', 'Xie ying wu', 'Pi li lei dian')","{'premios ganados': ['1975 Nominado Primetime Emmy'], 'nominaciones': []}","('Vecchie canaglie', 'My Name Is Thomas', 'Los Médici: Señores de Florencia', 'La bella y la bestia', 'Romeo y Julieta', 'Pinocchio', 'Nero Wolfe', 'Il sogno del maratoneta', '7 vite')"
178,Anthony Franciosa,25 de octubre de 1928,"('Las 36 cámaras de Shaolin', 'Qing tie', 'Ho el Sucio', 'Chu Liu Xiang')","{'premios ganados': ['1958 Nominado Oscar'], 'nominaciones': ['1965 Nominado Golden Globe']}","('Straighten Up America', 'Special Unit 2', 'Last Ride', 'Siete días', 'Seinfeld', 'Three', 'Policías de Nueva York', 'Delivery', 'Pretender')"
179,Ben Frank,2 de septiembre de 1934,"('Xie ying wu', 'She diao ying xiong zhuan', 'Hei xi yi', 'Jing nu chu zheng')",,"('Wicked Clone or How to Deal with the Evil', 'La innegable verdad', 'The Light Side', 'Worth', 'Bull', 'Jessica Jones', 'The Reward', 'Ben Again', 'Ley y orden')"
180,Robin Sherwood,24 de enero,"('In This Corner', 'Nueva Viscaya', 'Andres de Saya', 'Huwag tularan: Pito ang asawa ko')",,"('À votre service', '600 kilos de oro puro', ""L'instit"", 'Augustus - El primer emperador', ""L'instit: Personne ne m'aime"", 'Drôle de père', ""L'histoire du samedi"", 'Pourquoi maman est dans mon lit?', 'Morlock')"
181,Silvana Gallardo,13 de enero de 1953,"('Anak Badjao', 'Bambang', 'Bago kumalat ang kamandag', 'Moises Padilla Story: The Missing Chapter')",,"('Plus belle la vie', 'Unidad de investigación', 'Alice Nevers', 'Paris 16ème', 'Vérité oblige', 'Les rois maudits', 'El derechazo', 'Sami', 'Là-bas... mon pays')"
182,Robert F. Lyons,17 de octubre de 1939,"('La LEGO película', 'Spider-Man: Cruzando el multiverso', 'Secundaria de clones', 'Spider-Man: Un nuevo universo')",,"('Mörderischer Plan - Nichts ist wie es scheint!', 'Adelheid und ihre Mörder', 'Edel & Starck', 'Verzauberte Emma oder Hilfe, ich bin ein Junge... !', 'SK Kölsch', 'Singapur-Express - Geheimnis einer Liebe', 'Edelweiss', 'Komiker', 'Unser Charly')"
183,Lawrence Day,,"('Kanto Boy 2: Anak ni Totoy Guapo', 'Patrolman', 'Boyong Mañalac: Hoodlum Terminator', 'Escolta; Mayo 13; Biyernes Ng Hapon!')",,"('Am Ende wird alles sichtbar', 'Die Theorie von Allem', 'La caja de cristal', 'Servus Papa - See You in Hell', 'Die Chefin', 'Gefährliche Wahrheit', 'Le Prince', 'La isla negra', 'Un Lugar Llamado Dignidad')"
184,Luis Manuel,19 de agosto de 1987,"('La cruz de un héroe', 'Operación Camboya', 'Ruedas de fuego', 'Equalizer 2000')","{'premios ganados': ['2016 Nominado Leo'], 'nominaciones': ['2020 Nominado IGN Award']}","('El Galán. La TV cambió, él no', 'La Reina del Sur', 'Un Retrato de Familia', 'Musa', '100 días para enamorarnos', 'La querida del Centauro', 'Esfera de vida', 'El Lamento', 'I Was There')"
185,Thomas M. Pollard,28 de octubre de 1950,"('Yanggaw', 'Gymkata', 'Esta casa es una ruina', 'Little & Big Weapon')",,"('Agua de Arrayan', 'Dime Cuándo Tú', 'La piedra en el río', 'Por amar sin ley', 'Como dice el dicho', 'Mi adorable maldición', 'Tormentero', 'La candidata', 'Almacenados')"
186,Christopher Muncke,24 de julio de 1942,"('El año que vivimos peligrosamente', 'Gumapang ka sa lusak', ""Babangon ako't dudurugin kita"", 'Pauwi na')",,"('El gran relajo mexicano', 'Domingo corrales', 'Contrabando y muerte', 'Mexicano ¡Tú puedes!', 'El otro', 'Nosotros los pelados', 'Bajo el volcán', 'Viva el chubasco', 'El día que murió Pedro Infante')"
187,Daniel Foley,,"('Kill Bill: Volumen 2', 'Las 36 cámaras de Shaolin', 'Kill Bill: Volumen 1', 'El hombre de los puños de hierro')",,"('Voces inocentes', 'Piedras verdes', 'Un dulce olor a muerte', 'Por si no te vuelvo a ver', 'De noche vienes, Esmeralda', 'Bienvenido-Welcome', 'Amor a la medida', 'Encuentro inesperado', 'Playa azul')"
